{"cameraMode":{"drawMode":0,"name":"Shaded","section":"Shading Mode"},"sceneLighting":true,"audioPlay":false,"sceneViewState":{"showFog":true,"showMaterialUpdate":false,"showSkybox":true,"showFlares":true,"showImageEffects":true,"showParticleSystems":true},"in2DMode":false,"pivot":{"x":9.273812294006348,"y":-5.7643632888793949,"z":22.044151306152345},"rotation":{"x":-0.06572038680315018,"y":-0.4143398404121399,"z":0.03000635839998722,"w":-0.9072648286819458},"size":11.398935317993164,"orthographic":false}