{"cameraMode":{"drawMode":0,"name":"Shaded","section":"Shading Mode"},"sceneLighting":false,"audioPlay":false,"sceneViewState":{"showFog":true,"showMaterialUpdate":false,"showSkybox":false,"showFlares":true,"showImageEffects":true,"showParticleSystems":true},"in2DMode":false,"pivot":{"x":0.22402112185955048,"y":0.21868591010570527,"z":-2.319658041000366},"rotation":{"x":-0.08384839445352555,"y":0.7836163640022278,"z":-0.10758597403764725,"w":-0.6063401103019714},"size":3.715639114379883,"orthographic":false}