{"cameraMode":{"drawMode":0,"name":"Shaded","section":"Shading Mode"},"sceneLighting":true,"audioPlay":false,"sceneViewState":{"showFog":true,"showMaterialUpdate":false,"showSkybox":true,"showFlares":true,"showImageEffects":true,"showParticleSystems":true},"in2DMode":false,"pivot":{"x":-1.2980384826660157,"y":-1.1603401899337769,"z":-1.096636414527893},"rotation":{"x":0.18933360278606416,"y":-0.7400786280632019,"z":0.2328687608242035,"w":0.6019085645675659},"size":4.413265705108643,"orthographic":false}