{"cameraMode":{"drawMode":0,"name":"Shaded","section":"Shading Mode"},"sceneLighting":false,"audioPlay":false,"sceneViewState":{"showFog":true,"showMaterialUpdate":false,"showSkybox":false,"showFlares":true,"showImageEffects":true,"showParticleSystems":true},"in2DMode":false,"pivot":{"x":18.63116455078125,"y":2.9550576210021974,"z":9.47900676727295},"rotation":{"x":-0.07127740979194641,"y":-0.8223099708557129,"z":0.10567452013492584,"w":-0.5546372532844544},"size":1.6107068061828614,"orthographic":false}