{"cameraMode":{"drawMode":0,"name":"Shaded","section":"Shading Mode"},"sceneLighting":true,"audioPlay":false,"sceneViewState":{"showFog":true,"showMaterialUpdate":false,"showSkybox":true,"showFlares":true,"showImageEffects":true,"showParticleSystems":true},"in2DMode":false,"pivot":{"x":-0.8028824925422669,"y":0.9089407920837402,"z":-3.2698917388916017},"rotation":{"x":-0.0912407636642456,"y":0.053444378077983859,"z":-0.004903907887637615,"w":-0.9943824410438538},"size":0.8756731748580933,"orthographic":false}